Location,Predicted Devaluation,Scaled Devaluation
Banashankari,260.69904,175.13895362049996
Electronic City,222.42761,152.51019900668334
HSR Layout,198.07487,69.52428108215332
Indiranagar,181.60208,0.0
Jayanagar,215.21811,70.91627784691
Koramangala,207.13406,69.72643678737799
Malleshwaram,243.64069,161.09798487219055
Marathahalli,222.42761,74.22236400596348
Rajajinagar,243.64069,159.2740958761293
Whitefield,188.04199,0.0
